{"selectedRes":0,"screenMode":1,"master":-5.0,"music":-18.281845092773439,"sfx":3.01802396774292}