{"selectedRes":0,"screenMode":1,"master":-8.2395658493042,"music":-9.9988431930542,"sfx":3.01802396774292}