{"selectedRes":0,"screenMode":1,"master":-20.0,"music":-9.9988431930542,"sfx":3.01802396774292}